Rk,GP,W,L,W-L%,G,GA,DIFF,CQF GP,CQF OT GP,CQF W-L%,CQF RS W-L%,CSF GP,CSF OT GP,CSF W-L%,CSF RS W-L%,CF GP,CF OT GP,CF W-L%,CF RS W-L%,F GP,F OT GP,F W-L%,F RS W-L%,ELITE F,ELITE D,ELITE GK,Champs,Year,AvAge,Exp
1,36,25,9,0.69,107,75,28,4,1,1,0.6,7,2,0.57,0.5,5,3,0.8,0.5,7,0,0.571,1,4.75,3.75,0.75,8,2001,28.4,6
2,39,27,12,0.69,129,84,45,6,1,0.67,0.75,7,2,0.57,0.67,5,0,0.8,0.6,7,0,0.429,1,4.5,5,0.75,7,2001,28.5,6
3,28,16,12,0.57,68,65,3,6,1,0.67,0.5,4,0,1,1,5,3,0.2,0.5,0,0,0,0,3.75,1.5,0.75,6,2001,28.5,3
4,31,17,14,0.55,83,84,-1,6,2,0.67,0.5,7,3,0.57,0.75,5,0,0.2,0.4,0,0,0,0,3.75,2.25,0.75,5,2001,28,4
5,23,13,10,0.57,55,56,-1,4,2,1,0,7,2,0.43,0.33,0,0,0,0,0,0,0,0,0,4.5,0.75,4,2001,29.4,5
6,27,17,10,0.63,80,54,26,6,2,0.67,0,7,3,0.43,0.25,0,0,0,0,0,0,0,0,1,4,1,3,2001,28.1,5
7,26,17,9,0.65,58,58,0,6,2,0.67,0.67,7,2,0.43,0.5,0,0,0,0,0,0,0,0,0.25,2.25,0,2,2001,28.5,1
8,23,17,6,0.74,70,45,25,6,4,0.67,0.75,4,0,0,0,0,0,0,0,0,0,0,0,0.5,0.75,0.75,1,2001,29.4,9
9,18,11,7,0.61,59,39,20,6,2,0.33,0.5,0,0,0,0,0,0,0,0,0,0,0,0,0,0,0,0,2001,30.1,4
10,19,10,9,0.53,62,52,3,6,1,0.33,0.5,0,0,0,0,0,0,0,0,0,0,0,0,0,0,0,0,2001,26.2,2
11,19,6,13,0.32,40,49,-9,6,1,0.33,0.25,0,0,0,0,0,0,0,0,0,0,0,0,0,0,0,0,2001,30.1,1
12,19,8,11,0.42,44,50,-6,6,2,0.33,1,0,0,0,0,0,0,0,0,0,0,0,0,0,0,0.25,0,2001,26.8,3
13,20,11,9,0.55,44,60,-16,6,2,0.33,0.33,0,0,0,0,0,0,0,0,0,0,0,0,0,0,0.25,0,2001,28.7,1
14,19,10,9,0.53,45,48,-3,6,4,0.33,0.25,0,0,0,0,0,0,0,0,0,0,0,0,0,0.25,0.25,0,2001,28.1,4
15,17,10,7,0.59,53,43,10,4,0,0,1,0,0,0,0,0,0,0,0,0,0,0,0,0,0,0,0,2001,25.8,2
16,17,7,10,0.41,33,50,-17,4,1,0,0.4,0,0,0,0,0,0,0,0,0,0,0,0,0,0,1,0,2001,26.7,0
1,39,23,13,0.6,104,84,30,6,1,0.67,0.75,5,0,0.8,0.6,7,3,0.57,0.75,5,2,0.8,1,5.25,3.75,0.75,8,2002,31.9,3
2,35,22,13,0.63,79,65,14,6,2,0.67,0.5,6,2,0.67,0.75,6,3,0.67,0.5,5,2,0.2,1,0.75,5.25,0.75,7,2002,29.2,1
3,33,17,16,0.52,83,82,1,7,1,0.57,0.5,7,1,0.57,0.5,7,3,0.43,0.25,0,0,0,0,2.25,3,0.75,6,2002,27.9,8
4,34,19,15,0.56,95,86,9,7,0,0.57,0.25,7,1,0.57,0.4,6,3,0.33,0.5,0,0,0,0,2.5,2,0.75,5,2002,29.6,4
5,25,15,10,0.6,78,62,16,5,0,0.8,0.6,7,1,0.43,0.5,0,0,0,0,0,0,0,0,0.75,3.75,1,4,2002,27.9,3
6,25,12,13,0.48,60,55,5,5,1,0.8,0.5,7,1,0.43,0.6,0,0,0,0,0,0,0,0,0,1.5,0.75,3,2002,26.3,2
7,25,15,10,0.6,64,66,-2,6,0,0.67,0.33,6,2,0.33,0.25,0,0,0,0,0,0,0,0,0,3.75,1,2,2002,28.4,0
8,25,15,10,0.6,73,53,20,5,0,0.2,0.2,5,0,0.2,0.4,0,0,0,0,0,0,0,0,0.5,1.75,1,1,2002,29.3,4
9,22,14,8,0.64,64,56,8,7,0,0.43,0.75,0,0,0,0,0,0,0,0,0,0,0,0,0,0.25,0.25,0,2002,27.5,0
10,20,11,9,0.55,42,47,-5,7,1,0.43,0.5,0,0,0,0,0,0,0,0,0,0,0,0,0.25,0,0,0,2002,28.9,3
11,19,10,9,0.53,54,51,3,6,0,0.33,0.67,0,0,0,0,0,0,0,0,0,0,0,0,0,0,0,0,2002,28.1,0
12,18,12,6,0.67,57,47,10,6,1,0.33,0.25,0,0,0,0,0,0,0,0,0,0,0,0,0,0,0.25,0,2002,26.3,1
13,20,13,7,0.65,52,39,13,6,2,0.33,0.5,0,0,0,0,0,0,0,0,0,0,0,0,0,0.25,0.25,0,2002,28.9,9
14,17,8,9,0.47,31,41,-10,5,0,0.8,0.8,0,0,0,0,0,0,0,0,0,0,0,0,0,0,0,0,2002,29.4,0
15,19,9,10,0.47,56,51,5,5,0,0.2,0.4,0,0,0,0,0,0,0,0,0,0,0,0,0.25,1,0,0,2002,27.2,1
16,19,8,11,0.42,32,46,-14,5,1,0.2,0.5,0,0,0,0,0,0,0,0,0,0,0,0,0,0,0,0,2002,28.9,4
1,39,27,12,0.667,115,65,50,5,0,0.8,0.75,5,2,0.8,0.75,7,2,0.571,0.25,7,2,0.57,1,7,2.25,1,8,2003,29.3,5
2,33,23,10,0.7,80,66,14,4,2,1,0.25,6,2,0.67,0.4,4,1,1,0.5,7,2,0.43,0,5.3,0.75,0.75,7,2003,27.7,0
3,31,21,10,0.68,86,67,19,5,1,0.8,0.75,6,1,0.67,0.75,7,2,0.43,0.75,0,0,0,0,3.8,3,1,6,2003,26.3,3
4,32,17,15,0.53,75,73,2,7,2,0.57,0.6,7,2,0.57,0.6,4,1,0,0.5,0,0,0,0,4.5,0.75,0.75,5,2003,28,0
5,27,15,12,0.56,80,80,0,7,0,0.57,0.75,7,2,0.43,0.4,0,0,0,0,0,0,0,0,1.5,2.25,0.75,4,2003,26.9,2
6,25,14,11,0.56,69,54,15,6,0,0.67,0.75,6,2,0.33,0.6,0,0,0,0,0,0,0,0,0,3.75,0.75,3,2003,30,2
7,27,18,9,0.67,86,57,29,7,3,0.57,0.5,6,1,0.33,0.25,0,0,0,0,0,0,0,0,0,0,0.75,2,2003,29.1,2
8,24,16,8,0.67,55,56,-1,6,2,0.67,0.4,5,2,0.2,0.25,0,0,0,0,0,0,0,0,0,1.5,0.75,1,2003,26.8,0
9,21,12,9,0.57,60,61,-1,7,0,0.43,0.25,0,0,0,0,0,0,0,0,0,0,0,0,0,0,0,0,2003,29.6,5
10,20,12,8,0.6,65,43,22,7,2,0.43,0.4,0,0,0,0,0,0,0,0,0,0,0,0,0,0,0.25,0,2003,28.7,8
11,19,11,8,0.58,49,54,-5,7,3,0.43,0.5,0,0,0,0,0,0,0,0,0,0,0,0,0,0,0,0,2003,30.4,5
12,17,8,9,0.47,44,47,-3,6,2,0.33,0.6,0,0,0,0,0,0,0,0,0,0,0,0,0,0,0,0,2003,29.1,1
13,19,12,7,0.63,58,60,-2,6,0,0.33,0.25,0,0,0,0,0,0,0,0,0,0,0,0,0,0,0,0,2003,26.6,1
14,19,8,11,0.42,50,56,-6,5,1,0.2,0.25,0,0,0,0,0,0,0,0,0,0,0,0,0.5,0,0,0,2003,27.7,0
15,18,9,9,0.5,45,47,-2,5,0,0.2,0.25,0,0,0,0,0,0,0,0,0,0,0,0,0,0,0,0,2003,27.9,1
16,17,10,7,0.59,55,40,15,4,2,0,0.75,0,0,0,0,0,0,0,0,0,0,0,0,0,0,0,0,2003,31.4,6
1,36,23,13,0.639,100,78,22,5,1,0.8,0.25,4,1,1,0.5,7,1,0.571,1,7,2,0.571,1,3,4.5,0.75,8,2004,28.1,2
2,40,25,15,0.625,93,77,16,7,2,0.571,0.67,6,2,0.67,0.25,6,1,0.67,0.5,7,2,0.429,0,2.25,4,1,7,2004,26.9,0
3,31,21,10,0.677,90,79,11,5,0,0.8,0.67,6,1,0.67,0.75,7,1,0.429,1,0,0,0,0,4.5,3.75,0.75,6,2004,29.7,3
4,31,21,10,0.677,84,66,18,5,1,0.8,0.5,6,2,0.67,0.5,6,1,0.33,0.5,0,0,0,0,2.25,2.5,1,5,2004,26.8,2
5,24,12,12,0.5,67,66,1,5,2,0.8,0.75,6,2,0.33,0.5,0,0,0,0,0,0,0,0,0,3,0.75,4,2004,27.9,4
6,26,16,10,0.615,65,54,11,6,0,0.67,0.5,6,2,0.33,0.75,0,0,0,0,0,0,0,0,0,1.75,0,3,2004,31.9,6
7,26,15,11,0.577,71,57,14,7,1,0.571,0.83,6,1,0.33,0.25,0,0,0,0,0,0,0,0,0,2.25,1,2,2004,30.7,4
8,22,9,13,0.409,48,58,-10,7,2,0.571,0.5,4,1,0,0.5,0,0,0,0,0,0,0,0,0,3,0.75,1,2004,28,2
9,20,10,10,0.5,43,51,-8,7,1,0.429,0.17,0,0,0,0,0,0,0,0,0,0,0,0,0,0,0,0,2004,27.5,5
10,20,12,8,0.6,52,46,6,7,2,0.429,0.33,0,0,0,0,0,0,0,0,0,0,0,0,0,0.75,0,0,2004,27.9,3
11,20,13,7,0.65,48,50,-2,7,2,0.429,0.5,0,0,0,0,0,0,0,0,0,0,0,0,0,0,0,0,2004,27,2
12,20,10,10,0.5,45,48,-3,6,0,0.33,0.5,0,0,0,0,0,0,0,0,0,0,0,0,0,0.25,0.25,0,2004,26.5,0
13,19,10,9,0.526,52,45,7,5,1,0.2,0.75,0,0,0,0,0,0,0,0,0,0,0,0,0,0.5,0.25,0,2004,27.7,1
14,19,10,9,0.526,42,41,1,5,1,0.2,0.5,0,0,0,0,0,0,0,0,0,0,0,0,0,0,0.25,0,2004,30,3
15,19,10,9,0.526,53,41,12,5,0,0.2,0.33,0,0,0,0,0,0,0,0,0,0,0,0,0.25,0.5,0.25,0,2004,28.8,6
16,19,9,10,0.474,44,49,-5,5,2,0.2,0.25,0,0,0,0,0,0,0,0,0,0,0,0,0,0,0,0,2004,30.6,0
1,45,25,17,0.56,130,130,0,6,3,0.67,1,5,3,0.8,0.63,7,2,0.57,0.75,7,1,0.57,0,2.25,4.5,0.75,8,2006,29.2,0
2,44,24,16,0.55,122,111,11,6,1,0.68,0.5,6,1,0.67,0.75,5,0,0.8,0.75,7,1,0.43,0,3.75,4.5,0.75,7,2006,28.7,1
3,40,24,15,0.6,140,119,21,6,1,0.67,0.75,5,1,0.8,0.63,7,2,0.43,0.25,0,0,0,0,4.5,4.5,0.75,6,2006,26.9,0
4,37,23,14,0.62,120,95,25,7,1,0.57,0.5,4,1,1,0.75,5,0,0.2,0.25,0,0,0,0,2.5,4.25,0.75,5,2006,28.2,4
5,33,22,9,0.67,110,82,28,5,0,0.8,0.5,6,1,0.33,0.25,0,0,0,0,0,0,0,0,1.5,2.25,0.75,4,2006,26.5,3
6,29,19,9,0.66,90,77,13,4,0,1,0.75,5,3,0.2,0.38,0,0,0,0,0,0,0,0,0,0.75,1,3,2006,30,6
7,31,16,11,0.52,106,89,17,5,0,0.8,1,5,1,0.2,0.38,0,0,0,0,0,0,0,0,0,2.25,0,2,2006,27.3,4
8,27,12,12,0.44,79,87,-8,5,1,0.8,0.25,4,1,0,0.25,0,0,0,0,0,0,0,0,0,1,0.25,1,2006,29.6,3
9,28,14,10,0.5,73,65,8,7,1,0.42,0.5,0,0,0,0,0,0,0,0,0,0,0,0,0,1,1,0,2006,28,4
10,27,15,12,0.56,81,67,14,6,3,0.33,0,0,0,0,0,0,0,0,0,0,0,0,0,0,0.25,1,0,2006,27.9,2
11,25,12,12,0.48,73,81,-8,6,1,0.33,0.25,0,0,0,0,0,0,0,0,0,0,0,0,0,0,0,0,2006,28.2,5
12,27,19,5,0.7,99,71,28,6,1,0.33,0.5,0,0,0,0,0,0,0,0,0,0,0,0,0.25,0,0,0,2006,32.1,3
13,25,13,9,0.52,67,65,2,5,1,0.2,0.75,0,0,0,0,0,0,0,0,0,0,0,0,0,0,0,0,2006,29.7,3
15,25,14,10,0.56,76,66,10,5,0,0.2,0.5,0,0,0,0,0,0,0,0,0,0,0,0,0,0.25,0,0,2006,29.3,1
14,25,11,12,0.44,74,92,-18,5,0,0.2,0,0,0,0,0,0,0,0,0,0,0,0,0,0,0,0,0,2006,27.7,7
16,24,8,13,0.33,60,80,-20,4,0,0,0.25,0,0,0,0,0,0,0,0,0,0,0,0,0,0.25,0,0,2006,28.2,0
1,39,27,8,0.69,111,83,28,5,0,0.8,0.5,5,3,0.8,0.75,6,1,0.67,0.5,5,0,0.8,0,4.5,3.75,0,8,2007,28.5,3
2,40,25,10,0.63,132,94,38,5,0,0.8,0.25,5,1,0.8,0.25,5,2,0.8,0.63,5,0,0.2,0,3.5,4,0,7,2007,26.6,3
3,37,21,11,0.57,106,75,31,6,1,0.67,0.5,6,1,0.67,0.25,6,1,0.33,0.5,0,0,0,0,3,2.25,0.75,6,2007,32.3,3
4,36,21,13,0.58,118,98,20,5,0,0.8,0.75,6,2,0.67,1,5,2,0.2,0.38,0,0,0,0,5.75,4,0,5,2007,27.2,3
5,30,29,7,0.97,88,59,29,4,0,1,0.25,6,2,0.33,0,0,0,0,0,0,0,0,0,0,1.75,1,4,2007,28.6,1
6,30,19,7,0.63,93,63,30,5,1,0.8,0.25,6,1,0.33,0.75,0,0,0,0,0,0,0,0,0.5,2.5,0.25,3,2007,26.4,5
7,30,15,12,0.5,73,79,-6,6,1,0.67,0.75,5,1,0.2,0.75,0,0,0,0,0,0,0,0,0,2.25,0,2,2007,29.4,3
8,32,18,12,0.56,75,70,5,7,3,0.57,0.5,5,3,0.2,0.25,0,0,0,0,0,0,0,0,1,1.5,0.75,1,2007,28,1
9,28,16,8,0.57,70,63,7,7,3,0.43,0.5,0,0,0,0,0,0,0,0,0,0,0,0,0.25,0.75,0.75,0,2007,30,2
10,24,10,12,0.42,60,83,-23,6,1,0.33,0.25,0,0,0,0,0,0,0,0,0,0,0,0,0,0,0,0,2007,28.2,6
11,25,12,12,0.48,60,13,47,6,1,0.33,0.5,0,0,0,0,0,0,0,0,0,0,0,0,0,0.25,0.75,0,2007,28.4,6
12,23,10,9,0.43,66,61,5,5,1,0.2,0.75,0,0,0,0,0,0,0,0,0,0,0,0,0,0.75,0,0,2007,29.7,2
13,24,14,7,0.58,63,39,24,5,0,0.2,0.5,0,0,0,0,0,0,0,0,0,0,0,0,0,0,1.5,0,2007,26,0
14,25,10,11,0.4,74,83,-9,5,0,0.2,0.25,0,0,0,0,0,0,0,0,0,0,0,0,0,0,0.25,0,2007,27.4,1
15,26,15,9,0.58,71,70,1,5,0,0.2,0.75,0,0,0,0,0,0,0,0,0,0,0,0,0,0,0.75,0,2007,28.2,0
16,21,11,9,0.52,55,55,0,4,0,0,0.75,0,0,0,0,0,0,0,0,0,0,0,0,0,0,1,0,2007,29.4,0
1,40,28,10,0.7,129,83,46,6,1,0.67,0.63,4,0,1,1,6,0,0.67,0.75,6,1,0.67,0,3.75,4.5,0.75,8,2008,32.1,4
2,39,26,12,0.67,121,88,33,4,0,1,0.25,5,1,0.8,0.38,5,0,0.8,0.38,6,1,0.33,0,6,4,1,7,2008,26.9,1
3,34,16,14,0.47,91,84,7,6,0,0.67,0.63,6,4,0.67,0.5,6,0,0.33,0.25,0,0,0,0,1.5,3,0.75,6,2008,29,2
4,36,20,12,0.56,106,103,3,7,2,0.57,0.5,5,1,0.8,0,5,0,0.2,1,0,0,0,0,0.75,2.25,0,5,2008,28.1,1
5,33,22,9,0.67,64,91,-27,7,0,0.57,0.25,6,4,0.33,0.5,0,0,0,0,0,0,0,0,1.75,2.25,0,4,2008,27.7,4
6,28,15,8,0.54,74,64,10,5,1,0.8,0.88,5,1,0.2,0.63,0,0,0,0,0,0,0,0,0,3,0,3,2008,27.4,1
7,31,19,11,0.61,98,76,22,7,2,0.57,1,5,1,0.2,1,0,0,0,0,0,0,0,0,0,0.75,0.25,2,2008,27.6,1
8,29,17,11,0.59,53,89,-36,6,2,0.67,0.38,4,0,0,0,0,0,0,0,0,0,0,0,0.25,1,0,1,2008,28.5,2
9,26,18,8,0.69,83,58,25,7,2,0.43,0.5,0,0,0,0,0,0,0,0,0,0,0,0,0,0,0,0,2008,27.3,0
10,28,12,10,0.43,61,70,-9,7,2,0.43,0,0,0,0,0,0,0,0,0,0,0,0,0,0,0,0.75,0,2008,28.1,0
11,26,12,12,0.46,66,68,-2,7,0,0.43,0.75,0,0,0,0,0,0,0,0,0,0,0,0,0,0.25,0.75,0,2008,29.5,0
12,26,12,9,0.46,65,62,3,6,2,0.33,0.63,0,0,0,0,0,0,0,0,0,0,0,0,0.25,0.25,0.75,0,2008,28.1,1
13,24,11,12,0.46,55,65,-10,6,1,0.33,0.38,0,0,0,0,0,0,0,0,0,0,0,0,0,0,1.25,0,2008,29.7,2
14,22,13,8,0.59,48,47,1,6,0,0.33,0.38,0,0,0,0,0,0,0,0,0,0,0,0,0,0,0.5,0,2008,27.7,8
15,24,10,12,0.42,44,67,-23,5,1,0.2,0.13,0,0,0,0,0,0,0,0,0,0,0,0,0,0,0,0,2008,29.2,4
16,23,7,14,0.3,56,74,-18,4,0,0,0.75,0,0,0,0,0,0,0,0,0,0,0,0,0,0,0.75,0,2008,28.5,6
1,41,28,10,0.68,143,104,39,6,1,0.67,0.67,7,2,0.57,0.25,4,0,1,0.5,7,0,0.57,0.5,3.75,4.5,0.75,8,2009,26.6,5
2,41,24,15,0.59,132,103,29,4,0,1,0.5,7,1,0.57,0.75,5,2,0.8,0.67,7,0,0.43,0.5,5.25,4.5,0.75,7,2009,31.2,8
3,37,19,15,0.51,77,108,-31,6,1,0.67,1,6,1,0.67,0.5,5,2,0.2,0.33,0,0,0,0,0,4,0,6,2009,25.9,0
4,35,20,13,0.57,107,88,19,7,2,0.57,0.75,7,1,0.57,0,4,0,0,0.5,0,0,0,0,0.75,1.5,0.25,5,2009,27.9,0
5,29,18,10,0.62,91,72,19,4,0,1,0.8,7,1,0.43,1,0,0,0,0,0,0,0,0,0,2.25,1,4,2009,28.4,1
6,30,18,11,0.6,94,78,16,6,1,0.67,0.33,7,1,0.43,0.25,0,0,0,0,0,0,0,0,0,3,1.5,3,2009,29.2,6
7,31,17,11,0.55,97,88,9,7,0,0.57,0.75,7,2,0.43,0.75,0,0,0,0,0,0,0,0,1.5,3.75,0,2,2009,27.2,1
8,29,18,9,0.62,86,70,16,4,1,1,0.5,6,1,0.33,0.5,0,0,0,0,0,0,0,0,0.25,1.5,0.5,1,2009,27.9,0
9,25,12,12,0.48,55,73,-18,7,2,0.43,0,0,0,0,0,0,0,0,0,0,0,0,0,0,0,0.75,0,2009,30.3,3
10,25,14,10,0.56,65,59,6,7,0,0.43,0.25,0,0,0,0,0,0,0,0,0,0,0,0,0,0,0.75,0,2009,27,4
11,26,12,13,0.46,77,78,-1,6,1,0.33,0.33,0,0,0,0,0,0,0,0,0,0,0,0,0.25,1.5,0,0,2009,27,3
12,26,13,11,0.5,64,69,-5,6,1,0.33,0.67,0,0,0,0,0,0,0,0,0,0,0,0,0,0,0,0,2009,28.7,4
13,25,10,15,0.4,56,80,-24,6,1,0.33,0,0,0,0,0,0,0,0,0,0,0,0,0,0,0,0,0,2009,28.9,2
14,22,9,9,0.41,57,65,-8,4,0,0,0.5,0,0,0,0,0,0,0,0,0,0,0,0,0,0,0.25,0,2009,27.1,0
15,23,7,12,0.3,60,67,-7,4,0,0,0.2,0,0,0,0,0,0,0,0,0,0,0,0,0,0,0.75,0,2009,25.8,2
16,23,13,8,0.57,66,74,-8,4,1,0,0.5,0,0,0,0,0,0,0,0,0,0,0,0,0.25,0,0.25,0,2009,27.6,0
1,43,27,13,0.628,149,124,25,6,1,0.667,0.667,6,0,0.667,0.5,4,1,1,0.75,6,2,0.667,0,3.75,2.75,0.75,8,2010,26.6,3
2,45,23,19,0.511,132,125,7,5,1,0.8,0.833,7,2,0.57,0.5,5,0,0.8,0.5,6,2,0.333,1,3,0.25,1.5,7,2010,27.7,4
3,38,19,15,0.5,97,101,-4,7,2,0.571,0.5,7,0,0.571,0.25,5,0,0.2,0.5,0,0,0,0,0,0,0.75,6,2010,27.5,3
4,35,19,14,0.543,100,124,-24,6,3,0.667,0.5,5,1,0.8,0.25,4,1,0,0.25,0,0,0,0,2.25,0,1,5,2010,29.3,3
5,35,19,14,0.543,91,83,8,6,1,0.667,0.667,7,2,0.429,0.5,0,0,0,0,0,0,0,0,0.25,1.5,0.75,4,2010,28.1,3
6,33,18,12,0.545,103,95,8,6,2,0.667,0.5,7,0,0.429,0.75,0,0,0,0,0,0,0,0,0.75,0,0.75,3,2010,27.8,9
7,33,18,12,0.545,120,109,11,6,2,0.667,0.75,6,0,0.333,0.5,0,0,0,0,0,0,0,0,0,0.75,0,2,2010,28.1,2
8,33,21,12,0.636,111,84,27,7,0,0.57,0.5,5,1,0.2,0.75,0,0,0,0,0,0,0,0,0,1.5,1,1,2010,30.3,9
9,27,20,6,0.741,92,73,19,7,2,0.429,0.5,0,0,0,0,0,0,0,0,0,0,0,0,0,0,0,0,2010,28.2,3
10,26,16,8,0.615,69,68,1,7,0,0.429,0.5,0,0,0,0,0,0,0,0,0,0,0,0,0,0,0,0,2010,27.2,0
11,27,16,11,0.593,67,68,-1,6,1,0.333,0.333,0,0,0,0,0,0,0,0,0,0,0,0,0,0.25,0.25,0,2010,26.2,1
12,27,11,11,0.407,72,74,-2,6,2,0.333,0.25,0,0,0,0,0,0,0,0,0,0,0,0,0,0,0,0,2010,27.8,0
13,28,14,13,0.5,83,71,12,6,1,0.333,0.333,0,0,0,0,0,0,0,0,0,0,0,0,0.25,0.75,0.25,0,2010,26.4,0
14,27,10,14,0.37,75,94,-19,6,3,0.333,0.5,0,0,0,0,0,0,0,0,0,0,0,0,0,0,0.25,0,2010,27.9,2
15,25,10,13,0.4,65,81,-16,6,2,0.337,0.5,0,0,0,0,0,0,0,0,0,0,0,0,0,0,0,0,2010,27.6,1
16,26,12,10,0.462,69,59,10,5,1,0.2,0.167,0,0,0,0,0,0,0,0,0,0,0,0,0,0,0.25,0,2010,30.5,2
1,45,26,15,0.578,132,99,33,7,2,0.571,0.333,4,1,1,0.75,7,0,0.571,0.75,7,1,0.571,1,2.25,4,1,8,2011,28.3,4
2,44,30,14,0.682,110,104,6,7,2,0.571,0.5,6,2,0.667,0.5,5,1,0.8,0.75,7,1,0.429,0,0,3.75,0.75,7,2011,28.1,4
3,38,20,14,0.526,114,93,21,7,0,0.571,0.5,4,1,1,-0.333,7,0,0.429,0.25,0,0,0,0,0.75,4.5,0.75,6,2011,29,0
4,37,21,13,0.568,120,106,14,6,3,0.667,0.5,7,2,0.571,0.75,5,1,0.2,0.25,0,0,0,0,1.5,4.5,1,5,2011,27.9,4
5,31,16,11,0.516,91,88,3,4,0,1,0.5,7,2,0.429,0.25,0,0,0,0,0,0,0,0,0,2.5,0.75,4,2011,30.7,6
6,31,18,10,0.581,91,76,15,6,1,0.667,0.75,6,2,0.333,0.5,0,0,0,0,0,0,0,0,0,3,1,3,2011,26.7,1
7,28,16,9,0.571,81,66,15,5,2,0.8,0.25,4,1,0,0.667,0,0,0,0,0,0,0,0,0,1.75,0.75,2,2011,25.9,3
8,31,11,14,0.355,84,98,-14,7,2,0.571,0.5,4,1,0,0.25,0,0,0,0,0,0,0,0,0,2.75,0.75,1,2011,27.6,5
9,28,17,8,0.607,87,74,13,7,2,0.429,0.5,0,0,0,0,0,0,0,0,0,0,0,0,0.25,0.25,0,0,2011,27.4,1
10,26,14,11,0.538,67,62,5,7,2,0.429,0.667,0,0,0,0,0,0,0,0,0,0,0,0,0,0,0.25,0,2011,27.5,4
11,27,14,10,0.519,81,69,12,7,2,0.429,0.5,0,0,0,0,0,0,0,0,0,0,0,0,0.5,0,0.25,0,2011,27.6,8
12,25,15,8,0.6,60,62,-2,7,0,0.429,0.5,0,0,0,0,0,0,0,0,0,0,0,0,0,0,0,0,2011,26.7,7
13,26,13,11,0.5,62,69,-7,6,3,0.333,0.5,0,0,0,0,0,0,0,0,0,0,0,0,0,0.25,0,0,2011,28.9,1
14,25,16,9,0.64,83,71,12,6,1,0.333,0.25,0,0,0,0,0,0,0,0,0,0,0,0,0,0,0,0,2011,26.3,2
15,23,12,10,0.522,60,53,7,5,2,0.2,0.75,0,0,0,0,0,0,0,0,0,0,0,0,0,0,0.25,0,2011,26.2,1
16,22,10,9,0.455,55,56,-1,4,0,0,0.5,0,0,0,0,0,0,0,0,0,0,0,0,0,0,0,0,2011,29,1
1,40,28,9,0.7,116,72,44,5,1,0.8,0.5,4,0,1,0.75,5,1,0.8,0.5,6,2,0.667,0,4.5,5,0.75,8,2012,26.7,2
2,45,27,16,0.6,113,98,15,7,2,0.571,0.5,5,2,0.8,0.5,6,1,0.667,0.5,6,2,0.333,1,4.5,3,1,7,2012,30.1,0
3,42,22,19,0.524,101,104,-3,7,2,0.571,0.25,7,2,0.571,0.5,6,1,0.333,0.5,0,0,0,0,1.5,3.75,0.75,6,2012,26.5,1
4,36,19,13,0.528,87,80,7,6,5,0.667,0.75,5,1,0.8,0.5,5,1,0.2,0.5,0,0,0,0,1.5,4,1,5,2012,28.9,2
5,34,18,13,0.529,79,83,-4,7,4,0.571,0.75,7,2,0.429,0.5,0,0,0,0,0,0,0,0,0.75,3,0.75,4,2012,27.6,3
6,30,17,12,0.567,81,70,11,5,0,0.8,0.5,5,1,0.2,0.5,0,0,0,0,0,0,0,0,0,3.5,1,3,2012,26.8,3
7,32,18,12,0.563,100,87,13,6,1,0.667,0.667,5,2,0.2,0.5,0,0,0,0,0,0,0,0,0,1,0.75,2,2012,27.3,6
8,29,15,10,0.517,72,59,13,5,1,0.8,1,4,0,0,0.25,0,0,0,0,0,0,0,0,0,2.5,0.75,1,2012,26.5,0
9,28,12,10,0.429,65,72,-7,7,2,0.429,0.5,0,0,0,0,0,0,0,0,0,0,0,0,0,0,0,0,2012,27.8,0
10,25,11,12,0.44,63,60,3,7,2,0.429,0.75,0,0,0,0,0,0,0,0,0,0,0,0,0,0.75,0,0,2012,28.8,1
11,29,15,13,0.517,82,78,4,7,4,0.429,0.25,0,0,0,0,0,0,0,0,0,0,0,0,0,1,0.25,0,2012,29,7
12,24,14,13,0.583,79,79,0,6,5,0.333,0.25,0,0,0,0,0,0,0,0,0,0,0,0,0,0,0,0,2012,27,6
13,26,17,8,0.654,108,88,20,6,1,0.333,0.333,0,0,0,0,0,0,0,0,0,0,0,0,0,0.25,0,0,2012,28.5,3
14,26,12,11,0.462,56,63,-7,5,1,0.2,0,0,0,0,0,0,0,0,0,0,0,0,0,0,0,0.25,0,2012,28.1,6
15,24,12,10,0.5,53,55,-2,5,1,0.2,0.5,0,0,0,0,0,0,0,0,0,0,0,0,0,0,0,0,2012,28.5,6
16,24,8,13,0.333,58,66,-8,5,0,0.2,0.5,0,0,0,0,0,0,0,0,0,0,0,0,0,0,0,0,2012,30,4
1,36,25,9,0.694,99,24,75,5,2,0.8,0.667,7,1,0.571,1,5,1,0.8,0.667,6,3,0.667,0,4.5,4.75,0.75,8,2013,26.8,2
2,35,19,14,0.543,96,78,18,7,2,0.571,0.75,5,2,0.8,0.333,4,1,1,0,6,3,0.333,0,4.5,4.25,1,7,2013,27.8,6
3,30,16,12,0.533,65,59,6,6,2,0.667,1,7,1,0.571,0.5,5,1,0.2,0.333,0,0,0,0,1.5,2.25,0.75,6,2013,26.5,6
4,26,15,10,0.577,77,65,12,6,2,0.667,0.8,5,1,0.8,1,4,1,0,1,0,0,0,0,0,3,0.75,5,2013,29,2
5,24,14,9,0.583,59,51,8,4,2,1,1,7,1,0.429,0.5,0,0,0,0,0,0,0,0,0,3.5,1,4,2013,28.9,4
6,26,13,10,0.5,63,55,8,7,4,0.571,0.667,7,1,0.429,0,0,0,0,0,0,0,0,0,3,3,1,3,2013,28.2,2
7,22,11,11,0.5,56,56,0,5,1,0.8,0.5,5,1,0.2,0,0,0,0,0,0,0,0,0,0,1.5,0.75,2,2013,27.4,1
8,25,14,10,0.56,73,53,20,7,2,0.571,0.667,5,2,0.2,0.667,0,0,0,0,0,0,0,0,2.25,4.5,1,1,2013,27.2,4
9,19,9,9,0.474,49,46,3,7,4,0.429,0.333,0,0,0,0,0,0,0,0,0,0,0,0,0,0,0,0,2013,28.8,1
10,19,13,5,0.684,53,42,11,7,2,0.429,0.33,0,0,0,0,0,0,0,0,0,0,0,0,0,0,0,0,2013,26.6,4
11,19,9,9,0.474,51,54,-3,7,2,0.429,0.25,0,0,0,0,0,0,0,0,0,0,0,0,0,0,0.25,0,2013,26,0
12,17,8,5,0.471,47,46,1,6,2,0.333,0.2,0,0,0,0,0,0,0,0,0,0,0,0,0,0,0,0,2013,28.7,0
13,20,13,7,0.65,38,33,5,6,2,0.333,0,0,0,0,0,0,0,0,0,0,0,0,0,0,0.25,0.25,0,2013,26.3,2
14,18,7,11,0.389,47,62,-15,5,1,0.2,0.5,0,0,0,0,0,0,0,0,0,0,0,0,0.25,0.25,0,0,2013,27.8,1
15,18,6,11,0.333,31,53,-22,5,2,0.2,0.333,0,0,0,0,0,0,0,0,0,0,0,0,0,0,0.25,0,2013,27.8,0
16,16,7,8,0.438,40,42,-2,4,2,0,0,0,0,0,0,0,0,0,0,0,0,0,0,0,0,0,0,2013,28.2,5
1,45,27,16,0.6,140,108,32,7,1,0.571,0.6,7,1,0.571,0.2,7,2,0.571,0,5,3,0.8,0.5,6,3.75,0.75,8,2014,27.4,8
2,45,25,17,0.556,120,95,25,7,0,0.571,0.5,7,1,0.571,0.5,6,2,0.667,0.333,5,3,0.1,0.5,2.5,2.25,1,7,2014,27.4,5
3,38,21,16,0.553,109,105,4,6,4,0.667,0.4,6,1,0.667,0.4,7,2,0.429,1,0,0,0,0,2.25,1.5,0.75,6,2014,27.5,6
4,36,22,13,0.611,104,96,8,4,1,1,0.25,7,2,0.571,0.75,6,2,0.333,0.667,0,0,0,0,2.25,1.5,0.75,5,2014,28.3,1
5,33,22,7,0.667,97,62,35,5,1,0.8,0.25,7,2,0.429,0.25,0,0,0,0,0,0,0,0,0.25,0.75,0.75,4,2014,27.6,5
6,23,18,12,0.783,98,94,4,6,1,0.667,0.333,7,1,0.429,0.8,0,0,0,0,0,0,0,0,0.25,0,0,3,2014,28.3,1
7,34,17,14,0.5,86,89,-3,6,2,0.667,1,7,1,0.429,0.5,0,0,0,0,0,0,0,0,2.25,1.5,0.75,2,2014,27.7,4
8,33,15,13,0.455,88,87,1,7,4,0.571,0.2,6,1,0.333,0.6,0,0,0,0,0,0,0,0,0.25,2.25,0.75,1,2014,27.2,1
9,26,15,9,0.577,80,70,10,7,1,0.43,0.4,0,0,0,0,0,0,0,0,0,0,0,0,0,0.25,0.25,0,2014,28.7,3
10,27,13,10,0.481,78,71,7,7,0,0.429,0.5,0,0,0,0,0,0,0,0,0,0,0,0,0,0,0,0,2014,27.7,2
11,27,15,9,0.556,76,57,19,7,4,0.429,0.8,0,0,0,0,0,0,0,0,0,0,0,0,0,1,1,0,2014,26.9,0
12,26,13,11,0.5,64,64,0,6,2,0.333,0,0,0,0,0,0,0,0,0,0,0,0,0,0,0,0.25,0,2014,26.1,0
13,26,13,12,0.5,77,72,5,6,1,0.333,0.667,0,0,0,0,0,0,0,0,0,0,0,0,0,0.25,0,0,2014,28.2,0
14,27,13,13,0.481,56,70,-14,6,4,0.333,0.6,0,0,0,0,0,0,0,0,0,0,0,0,0,0,0.25,0,2014,27.4,3
15,26,12,11,0.462,65,74,-9,5,1,0.2,0.75,0,0,0,0,0,0,0,0,0,0,0,0,0.25,0,0.25,0,2014,28.6,3
16,24,12,8,0.5,69,68,1,4,1,0,0.75,0,0,0,0,0,0,0,0,0,0,0,0,0,0.25,0.25,0,2014,27.1,0
1,42,27,14,0.643,114,99,15,6,2,0.667,1,4,0,1,0.6,7,3,0.571,0.667,6,0,0.667,0.5,6.75,3,0.75,8,2015,29.3,8
2,44,26,16,0.591,116,101,15,7,1,0.571,0.75,6,1,0.667,1,7,1,0.571,1,6,0,0.333,0.5,4.5,4.5,0.75,7,2015,26.9,1
3,34,22,12,0.647,104,91,13,4,1,1,1,5,2,0.8,0.6,7,3,0.429,0.333,0,0,0,0,4.25,3.75,0.75,6,2015,27,3
4,40,26,13,0.65,104,91,13,5,2,0.8,0.75,7,2,0.571,0.75,7,1,0.429,0,0,0,0,0,3.25,3.5,0.75,5,2015,29.4,6
5,32,18,13,0.563,78,72,6,7,2,0.571,0.5,7,2,0.429,0.25,0,0,0,0,0,0,0,0,1.5,2.25,1,4,2015,28.1,1
6,32,15,12,0.469,74,80,-6,6,2,0.667,0.25,6,1,0.333,0,0,0,0,0,0,0,0,0,0,3.25,0.75,3,2015,28.4,4
7,31,17,11,0.548,92,87,5,6,0,0.667,0.5,5,2,0.2,0.4,0,0,0,0,0,0,0,0,0,0.75,0,2,2015,28.2,0
8,30,17,12,0.567,77,66,11,6,0,0.667,0.5,0,0,0,0.4,0,0,0,0,0,0,0,0,0,1,1,1,2015,27.7,3
9,28,11,14,0.393,69,78,-9,7,1,0.429,0.25,0,0,0,0,0,0,0,0,0,0,0,0,0,0,0,0,2015,28.9,3
10,25,9,11,0.36,62,63,-1,7,2,0.429,0.5,0,0,0,0,0,0,0,0,0,0,0,0,0,0,0.75,0,2015,27.3,1
11,28,18,7,0.643,76,72,4,6,2,0.333,0.75,0,0,0,0,0,0,0,0,0,0,0,0,0.5,0.5,0.25,0,2015,28.3,2
12,25,13,10,0.52,64,58,6,6,0,0.333,0.5,0,0,0,0,0,0,0,0,0,0,0,0,0,0,0,0,2015,29.4,2
13,26,14,10,0.538,74,72,2,6,0,0.333,0.5,0,0,0,0,0,0,0,0,0,0,0,0,0.25,0,0.25,0,2015,28.4,1
14,25,8,14,0.32,62,75,-13,6,2,0.333,0,0,0,0,0,0,0,0,0,0,0,0,0,0,0,0,0,2015,26.9,0
15,25,8,14,0.32,47,65,-18,5,2,0.2,0.25,0,0,0,0,0,0,0,0,0,0,0,0,0,0,0,0,2015,29.5,5
16,22,11,10,0.5,59,53,6,4,1,0,0,0,0,0,0,0,0,0,0,0,0,0,0,0,0,0,0,2015,27.3,0
1,46,33,13,0.717,157,101,56,5,0,0.8,0.75,6,3,0.667,0.6,7,2,0.571,0,6,2,0.667,0.5,4.75,4.75,0.75,8,2016,29,3
2,45,27,18,0.6,133,101,32,5,1,0.8,0.6,7,2,0.571,0.333,6,0,0.667,0.667,6,2,0.333,0.5,5.25,3.25,0.75,7,2016,29.1,1
3,37,21,15,0.568,102,91,11,5,0,0.8,0.5,5,2,0.8,0.333,7,2,0.429,1,0,0,0,0,2.25,3,1,6,2016,27.3,5
4,37,23,14,0.622,117,98,19,7,2,0.571,0.6,7,2,0.571,0.8,6,0,0.333,0.333,0,0,0,0,0.75,2.25,0.75,5,2016,28.9,2
5,32,19,10,0.594,98,91,7,6,1,0.667,0.2,7,2,0.429,0.2,0,0,0,0,0,0,0,0,0,1.5,0.75,4,2016,28.4,1
6,33,17,13,0.515,91,99,-8,7,0,0.571,0.667,7,2,0.429,0.667,0,0,0,0,0,0,0,0,1.5,3.75,1,3,2016,27.9,1
7,33,17,12,0.515,78,72,6,6,0,0.667,0.5,6,3,0.333,0.4,0,0,0,0,0,0,0,0,0,2.25,1,2,2016,27.9,2
8,33,17,13,0.515,86,97,-11,6,3,0.667,0.333,5,2,0.1,0.667,0,0,0,0,0,0,0,0,0.5,2.5,1,1,2016,28.6,1
9,25,11,10,0.44,75,73,2,7,2,0.429,0.4,0,0,0,0,0,0,0,0,0,0,0,0,0,0.75,0,0,2016,27.4,8
10,28,15,10,0.536,82,61,21,7,0,0.429,0.333,0,0,0,0,0,0,0,0,0,0,0,0,0.25,0,0,0,2016,28.1,5
11,27,15,9,0.556,67,65,2,6,0,0.333,0.5,0,0,0,0,0,0,0,0,0,0,0,0,0,0,0.25,0,2016,29.2,1
12,26,14,11,0.538,81,72,9,6,3,0.333,0.667,0,0,0,0,0,0,0,0,0,0,0,0,0,0.75,0,0,2016,28,0
13,25,12,12,0.48,66,68,-2,6,1,0.333,0.8,0,0,0,0,0,0,0,0,0,0,0,0,0,0,0.25,0,2016,28.7,4
14,25,11,11,0.44,68,80,-12,5,0,0.2,0.25,0,0,0,0,0,0,0,0,0,0,0,0,0,0,0,0,2016,29.6,7
15,25,12,11,0.48,71,67,4,5,1,0.2,0.4,0,0,0,0,0,0,0,0,0,0,0,0,0,0,0.25,0,2016,28.3,5
16,25,11,14,0.44,61,75,-14,5,0,0.2,0.5,0,0,0,0,0,0,0,0,0,0,0,0,0,0,0,0,2016,28.3,2
1,46,28,15,0.609,144,117,27,5,1,0.8,0.5,7,1,0.571,0.5,7,2,0.571,0.333,6,0,0.667,0.5,6,3.75,1.5,8,2017,28.7,6
2,41,23,15,0.561,112,94,18,4,1,1,0.2,6,0,0.667,0.6,6,2,0.667,0.333,6,0,0.333,0.5,3.75,3,0.75,7,2017,27.9,4
3,40,22,14,0.55,96,99,-3,6,4,0.667,1,6,2,0.667,0.667,7,2,0.429,0.667,0,0,0,0,3.75,3.75,0.75,6,2017,28.8,1
4,36,24,9,0.667,110,90,20,4,1,1,0.8,7,2,0.571,0.4,6,2,0.333,0.667,0,0,0,0,2.25,3.75,0.75,5,2017,27.6,4
5,31,20,10,0.645,100,79,21,6,2,0.667,0.6,7,2,0.429,0.6,0,0,0,0,0,0,0,0,0.75,2.25,1,4,2017,26.7,0
6,33,20,12,0.606,91,84,7,6,5,0.667,0.667,7,1,0.429,0.5,0,0,0,0,0,0,0,0,0,3,1,3,2017,28.4,4
7,32,21,8,0.656,83,61,22,5,2,0.8,0.6,6,0,0.333,0.4,0,0,0,0,0,0,0,0,0,1.5,0.25,2,2017,28,4
8,31,14,13,0.452,83,80,3,6,2,0.667,0,6,2,0.333,0.333,0,0,0,0,0,0,0,0,0,3,0.75,1,2017,28.3,4
9,26,11,15,0.423,62,67,-5,6,2,0.333,0.4,0,0,0,0,0,0,0,0,0,0,0,0,0,0,0,0,2017,28.8,4
10,26,18,10,0.692,77,74,3,6,5,0.333,0.333,0,0,0,0,0,0,0,0,0,0,0,0,0,1.5,0,0,2017,28.8,0
11,25,13,11,0.52,71,60,11,6,4,0.333,0,0,0,0,0,0,0,0,0,0,0,0,0,0,0.25,0,0,2017,29.6,0
12,24,14,9,0.583,59,51,8,6,2,0.333,1,0,0,0,0,0,0,0,0,0,0,0,0,0,0,0,0,2017,26.2,2
13,26,9,15,0.346,65,72,-7,5,2,0.2,0.4,0,0,0,0,0,0,0,0,0,0,0,0,0.25,0,0.25,0,2017,26.2,3
14,26,12,12,0.462,63,69,-6,5,1,0.2,0.5,0,0,0,0,0,0,0,0,0,0,0,0,0,0.25,0,0,2017,28.3,0
15,24,11,9,0.458,58,67,-9,4,1,0,0.8,0,0,0,0,0,0,0,0,0,0,0,0,0,0,0,0,2017,29.4,6
16,22,11,11,0.5,63,57,6,0,1,0,0.2,0,0,0,0,0,0,0,0,0,0,0,0,0,0,0,0,2017,28.4,2